Saved Date,Job Url,Job Title,Company Name
"2/22/23, 9:03 AM",http://www.linkedin.com/jobs/view/3424564050,SAP Solution Architect,Nobia
"1/29/25, 1:03 AM",http://www.linkedin.com/jobs/view/4118179811,SAP Logistics Consultant,Energize Group
"1/21/25, 9:10 AM",http://www.linkedin.com/jobs/view/3974381759,Manager SAP SD/MM EEMEA,PUMA Group
"10/12/24, 1:48 AM",http://www.linkedin.com/jobs/view/4024316654,SAP Delivery Center Inhouse Consultant - Focus SD/LE,wienerberger
"2/14/25, 5:30 AM",http://www.linkedin.com/jobs/view/4123840246,SAP SCM (SD/MM) Consultant (f/m/d) ,Hyundai AutoEver Europe GmbH
"2/22/23, 8:57 AM",http://www.linkedin.com/jobs/view/3125319275,SAP Logistics Consultant,EPAM Systems
"2/22/23, 8:57 AM",http://www.linkedin.com/jobs/view/3474738811,Consultant SAP SD,IBM
"5/9/22, 11:37 PM",http://www.linkedin.com/jobs/view/3041567400,SAP Consultant,ACBaltica
"10/1/24, 9:31 AM",http://www.linkedin.com/jobs/view/4035100142,SAP Consultant Sales & Logistic Execution (Hybrid | English),NEORIS
"10/9/24, 4:01 PM",http://www.linkedin.com/jobs/view/3894464277,Senior SAP SD Consultant,EPAM Systems
"5/9/22, 11:41 PM",http://www.linkedin.com/jobs/view/3015519999,SAP Technical Consultant,Accenture Baltics
"8/28/25, 2:34 AM",http://www.linkedin.com/jobs/view/4288878596,Senior SAP SD Consultant,EPAM Systems
"2/13/25, 1:36 PM",http://www.linkedin.com/jobs/view/4123109432,SAP SD/MM Consultant (with ABAP developer experiences) (f/m/d) ,Hyundai AutoEver Europe GmbH
